,name,boxwidth
0,chair,457.1134033203125
1,couch,726.4676208496094
2,person,345.6060791015625
